[
    {
        "id": "68aca9a06ccae",
        "autor": "JK Rowling",
        "titulo": "Harry Potter",
        "genero": "F",
        "paginas": "250"
    },
    {
        "id": "68b230fbd8daf",
        "autor": "",
        "titulo": "O Alquimista",
        "genero": "F",
        "paginas": ""
    },
    {
        "id": "68b233a533af3",
        "autor": "",
        "titulo": "Vidas Secas",
        "genero": "D",
        "paginas": ""
    },
    {
        "id": "68b237bbd2b4c",
        "autor": "",
        "titulo": "Teste",
        "genero": "",
        "paginas": ""
    },
    {
        "id": "68b23e313ed86",
        "autor": "Graciliano Ramos",
        "titulo": "Harry Potter",
        "genero": "D",
        "paginas": "12233"
    },
    {
        "id": "68b247080a50b",
        "autor": "Paulo Coelho",
        "titulo": "Harry Potter",
        "genero": "D",
        "paginas": "12"
    }
]